Fecha;Unidad;Tipo;Categoria;Descripcion;Detalle;Area;Medio;Monto;Estado
2026-06-11;CALLAO;EGRESO;GERENCIA;GERENCIA1;RETIRO DE RECAUDACIÓN;NEGOCIO;E;-400000;CLASIFICADO
2026-06-11;CALLAO;INGRESO;VENTA DIARIA;V28;COBRANZA V28;VENTAS;T;241421;CLASIFICADO
2026-06-11;CALLAO;INGRESO;VENTA DIARIA;V24;COBRANZA V24;VENTAS;E/T;601498,49;CLASIFICADO
2026-06-11;CALLAO;INGRESO;VENTA DIARIA;V30;COBRANZA V30;VENTAS;T;3356466,21;CLASIFICADO
2026-06-11;CALLAO;INGRESO;VENTA DIARIA;R1;COBRANZA REPARTO 1;DEPOSITO/LOG;E/T;4981718;CLASIFICADO
2026-06-11;CALLAO;INGRESO;VENTA DIARIA;R2;COBRANZA REPARTO 2;DEPOSITO/LOG;E/T;4501150,47;CLASIFICADO
2026-06-11;CALLAO;INGRESO;VENTA DIARIA;R3;COBRANZA REPARTO 3;DEPOSITO/LOG;E/T;1645154,52;CLASIFICADO
2026-06-11;CALLAO;EGRESO;PAGO A PROVEEDORES;ORALI;CUENTA CORRIENTE;NEGOCIO;E;-1900000;CLASIFICADO
2026-06-11;V. OBLIGADO;EGRESO;MANTENIMIENTO/REPARACIONES;ARIEL2;ARIEL- ALBAÑIL/TECHISTA;NEGOCIO;E;-450000;CLASIFICADO
2026-06-11;CALLAO;EGRESO;PAGO A PROVEEDORES;SODECAR;CUENTA CORRIENTE;NEGOCIO;E;-792000;CLASIFICADO
2026-06-11;CALLAO;EGRESO;APORTES;CARGA Y DESCARGA;SINDICATO;NEGOCIO;E;-1997113,69;CLASIFICADO
2026-06-11;V. OBLIGADO;EGRESO;GASTOS VARIOS;GASTO5;YESERA- YESO 30KG;ADMINISTRACION;E;-121509,13;CLASIFICADO
2026-06-11;CALLAO;EGRESO;GASTOS BANCARIOS;TARJETA VISA;VISA COMERCIAL CG;NEGOCIO;E;-1000000;CLASIFICADO
2026-06-11;CALLAO;EGRESO;PAGO A PROVEEDORES;SODECAR;CUENTA CORRIENTE;NEGOCIO;T;-15589,36;CLASIFICADO
2026-06-11;CALLAO;EGRESO;IMPUESTOS;931;SUELDO;NEGOCIO;T;-3361820,54;CLASIFICADO
2026-06-11;CALLAO;EGRESO;PAGO A PROVEEDORES;CHESS;CHESS;NEGOCIO;T;-1235247,53;CLASIFICADO
2026-06-11;CALLAO;EGRESO;IMPUESTOS;931;SUELDO;NEGOCIO;T;-1967537,86;CLASIFICADO
2026-06-11;CALLAO;EGRESO;GERENCIA;GERENCIA2;MOVIMIENTOS DE BANCO;NEGOCIO;T;-200000;CLASIFICADO
2026-06-11;CALLAO;EGRESO;SERVICIOS;DEMARCHI;MONITOREO ALARMA;NEGOCIO;E;-108000;CLASIFICADO
2026-06-11;CALLAO;EGRESO;PAGO A PROVEEDORES;PAULINA;LA PAULINA;NEGOCIO;T;-1500000;CLASIFICADO
2026-06-11;CALLAO;EGRESO;IMPUESTOS;DBCR 25413;;NEGOCIO;T;-50169,21;CLASIFICADO
2026-06-11;CALLAO;EGRESO;IMPUESTOS;DBCR 25413;;NEGOCIO;T;-55202,53;CLASIFICADO
2026-06-12;CALLAO;EGRESO;GERENCIA;GERENCIA1;RETIRO DE RECAUDACIÓN;NEGOCIO;E;-500000;CLASIFICADO
2026-06-12;CALLAO;EGRESO;GERENCIA;GERENCIA2;MOVIMIENTOS DE BANCO;NEGOCIO;T;-200000;CLASIFICADO
2026-06-12;CALLAO;INGRESO;VENTA DIARIA;V30;COBRANZA V30;VENTAS;E/T;846552,97;CLASIFICADO
2026-06-12;CALLAO;INGRESO;VENTA DIARIA;V28;COBRANZA V28;VENTAS;E/T;933484;CLASIFICADO
2026-06-12;CALLAO;INGRESO;VENTA DIARIA;V26;COBRANZA V26;VENTAS;T;1493354,66;CLASIFICADO
2026-06-12;CALLAO;INGRESO;VENTA DIARIA;R1;COBRANZA REPARTO 1;DEPOSITO/LOG;E/T;2753908,85;CLASIFICADO
2026-06-12;CALLAO;INGRESO;VENTA DIARIA;R2;COBRANZA REPARTO 2;DEPOSITO/LOG;E/T;6845057,07;CLASIFICADO
2026-06-12;CALLAO;INGRESO;VENTA DIARIA;R3;COBRANZA REPARTO 3;DEPOSITO/LOG;E/T;849231,58;CLASIFICADO
2026-06-12;CALLAO;INGRESO;VENTA DIARIA;VTA MOSTRADOR;COBRANZA MOSTRADOR;NEGOCIO;E/T;539613,05;CLASIFICADO
2026-06-12;PENDIENTE;EGRESO;PENDIENTE CLASIFICAR;GERENCIA3;;PENDIENTE;E;-20415,51;PENDIENTE
2026-06-12;V. OBLIGADO;EGRESO;GASTOS VARIOS;GASTO5;4 CONOS DE SEÑALIZACIÓN;ADMINISTRACION;E;-101410;CLASIFICADO
2026-06-12;V. OBLIGADO;EGRESO;SERVICIOS;NUBENET;INTERNET;NEGOCIO;T;-19900;CLASIFICADO
2026-06-12;PENDIENTE;EGRESO;PENDIENTE CLASIFICAR;GERENCIA4;;PENDIENTE;T;-680000;PENDIENTE
2026-06-12;PENDIENTE;EGRESO;PENDIENTE CLASIFICAR;GERENCIA4;;PENDIENTE;T;-320000;PENDIENTE
2026-06-12;CALLAO;EGRESO;PAGO A PROVEEDORES;ILOLAY;ILOLAY;NEGOCIO;E;-796000;CLASIFICADO
2026-06-12;V. OBLIGADO;EGRESO;SERVICIOS;AGUA2;AGUA SANTAFESINA;NEGOCIO;T;-81095,28;CLASIFICADO
2026-06-12;CALLAO;EGRESO;PAGO A PROVEEDORES;ORALI;CUENTA CORRIENTE;NEGOCIO;E/T;-2392000;CLASIFICADO
2026-06-12;CALLAO;EGRESO;MANTENIMIENTO/REPARACIONES;LIMPIEZA;SEMANA LIMPIEZA;NEGOCIO;E;-31500;CLASIFICADO
2026-06-12;V. OBLIGADO;EGRESO;MANTENIMIENTO/REPARACIONES;LIMPIEZA2;SEMANA LIMPIEZA;NEGOCIO;E;-28500;CLASIFICADO
2026-06-12;V. OBLIGADO;EGRESO;SERVICIO TERCIARIZADO;LUIS;SEMANA AYUDANTE LUIS;DEPOSITO/LOG;E;-105000;CLASIFICADO
2026-06-12;V. OBLIGADO;EGRESO;SERVICIO TERCIARIZADO;lautaro;SEMANA AYUDANTE LAUTARO;DEPOSITO/LOG;E;-105000;CLASIFICADO
2026-06-12;V. OBLIGADO;EGRESO;SERVICIO TERCIARIZADO;OCAMPO;SEMANA AYUDANTE OCAMPO;DEPOSITO/LOG;E;-35000;CLASIFICADO
2026-06-12;CALLAO;EGRESO;SERVICIO TERCIARIZADO;SEREY1;JUNIO;VENTAS;E;-379344,05;CLASIFICADO
2026-06-12;CALLAO;EGRESO;PAGO A PROVEEDORES;PAULINA;LA PAULINA;NEGOCIO;T;-3200000;CLASIFICADO
2026-06-12;CALLAO;EGRESO;SERVICIO TERCIARIZADO;CANTEROS;JORNAL;DEPOSITO/LOG;E;-70200;CLASIFICADO
2026-06-12;CALLAO;EGRESO;SERVICIO TERCIARIZADO;R2 CARLOS;COMISION FLETERO CARLITOS;DEPOSITO/LOG;E;-714905,97;CLASIFICADO
2026-06-16;CALLAO;EGRESO;GERENCIA;GERENCIA1;RETIRO DE RECAUDACIÓN;NEGOCIO;E;-600000;CLASIFICADO
2026-06-16;CALLAO;EGRESO;GERENCIA;GERENCIA2;MOVIMIENTOS DE BANCO;NEGOCIO;T;-200000;CLASIFICADO
2026-06-16;CALLAO;INGRESO;VENTA DIARIA;V26;COBRANZA V26;VENTAS;E/T;3209000;CLASIFICADO
2026-06-16;CALLAO;INGRESO;VENTA DIARIA;V28;COBRANZA V28;VENTAS;T;1133061,61;CLASIFICADO
2026-06-16;CALLAO;INGRESO;VENTA DIARIA;V30;COBRANZA V30;VENTAS;T;3978623,84;CLASIFICADO
2026-06-16;CALLAO;INGRESO;VENTA DIARIA;VTA MOSTRADOR;COBRANZA MOSTRADOR;NEGOCIO;T;385544,56;CLASIFICADO
2026-06-16;CALLAO;INGRESO;VENTA DIARIA;R1;COBRANZA REPARTO 1;DEPOSITO/LOG;E/T;3104706,64;CLASIFICADO
2026-06-16;CALLAO;INGRESO;VENTA DIARIA;R2;COBRANZA REPARTO 2;DEPOSITO/LOG;E/T;3458449,33;CLASIFICADO
2026-06-16;CALLAO;INGRESO;VENTA DIARIA;R3;COBRANZA REPARTO 3;DEPOSITO/LOG;E/T;1675490,03;CLASIFICADO
2026-06-16;V. OBLIGADO;EGRESO;VEHICULOS COMBUSTIBLE;HIPERGAS2;1 GARRAFA PROPANO 15KG;DEPOSITO/LOG;E;-35554,3;CLASIFICADO
2026-06-16;CALLAO;EGRESO;CONTADOR;CATENA;ALQUILER PASUALE;NEGOCIO;E;-1214241;CLASIFICADO
2026-06-16;CALLAO;EGRESO;PAGO A PROVEEDORES;PAULINA;LA PAULINA;NEGOCIO;E;-3041000;CLASIFICADO
2026-06-16;V. OBLIGADO;EGRESO;MANTENIMIENTO/REPARACIONES;JULIO2;GERENCIA;NEGOCIO;T;-130000;CLASIFICADO
2026-06-16;CALLAO;EGRESO;SERVICIOS;CLARO;CONECTIVIDAD CLARO;NEGOCIO;T;-511434,9;CLASIFICADO
2026-06-16;CALLAO;EGRESO;SERVICIOS;EPE;ENERGIA ELECTRICA;NEGOCIO;T;-1857516,49;CLASIFICADO
2026-06-16;V. OBLIGADO;EGRESO;SERVICIO TERCIARIZADO;ESTEBAN;QUINCENA FLETERO ESTEBAN;DEPOSITO/LOG;E;-979760;CLASIFICADO
2026-06-16;V. OBLIGADO;EGRESO;SERVICIO TERCIARIZADO;RODOLFO;QUINCENA FLETERO RODOLFO;DEPOSITO/LOG;E;-761205;CLASIFICADO
2026-06-16;V. OBLIGADO;EGRESO;SERVICIO TERCIARIZADO;FEDERICO;QUINCENA FLETERO FEDERICO;DEPOSITO/LOG;E;-706392;CLASIFICADO
2026-06-16;CALLAO;EGRESO;PAGO A PROVEEDORES;PAULINA;LA PAULINA;NEGOCIO;T;-5700000;CLASIFICADO
2026-06-16;CALLAO;EGRESO;PAGO A PROVEEDORES;ONNEG;ONNEG;NEGOCIO;T;-1402056;CLASIFICADO
2026-06-16;CALLAO;EGRESO;IMPUESTOS;DBCR 25413;;NEGOCIO;T;-125359;CLASIFICADO
2026-06-17;CALLAO;EGRESO;GERENCIA;GERENCIA1;RETIRO DE RECAUDACIÓN;NEGOCIO;E;-700000;CLASIFICADO
2026-06-17;CALLAO;EGRESO;GERENCIA;GERENCIA2;MOVIMIENTOS DE BANCO;NEGOCIO;T;-200000;CLASIFICADO
2026-06-17;CALLAO;INGRESO;VENTA DIARIA;V30;COBRANZA V30;VENTAS;E;699900;CLASIFICADO
2026-06-17;CALLAO;INGRESO;VENTA DIARIA;V30;ECHEQ + RET FECHA JULIO PARA COBRAR;VENTAS;E;3122624,99;CLASIFICADO
2026-06-17;CALLAO;INGRESO;VENTA DIARIA;V24;COBRANZA V24;VENTAS;E/T;1185443,6;CLASIFICADO
2026-06-17;CALLAO;INGRESO;VENTA DIARIA;V28;COBRANZA V28;VENTAS;T;3830151,48;CLASIFICADO
2026-06-17;PENDIENTE;EGRESO;PENDIENTE CLASIFICAR;GERENCIA3;GERARDO;PENDIENTE;;-42925,54;PENDIENTE
2026-06-17;CALLAO;INGRESO;VENTA DIARIA;R1;COBRANZA REPARTO 1;DEPOSITO/LOG;E/T;5470008,69;CLASIFICADO
2026-06-17;CALLAO;INGRESO;VENTA DIARIA;R2;COBRANZA REPARTO 2;DEPOSITO/LOG;E/T;6612612,75;CLASIFICADO
2026-06-17;CALLAO;INGRESO;VENTA DIARIA;R3;COBRANZA REPARTO 3;DEPOSITO/LOG;E/T;2668097,39;CLASIFICADO
2026-06-17;CALLAO;INGRESO;VENTA DIARIA;VTA MOSTRADOR;COBRANZA MOSTRADOR;NEGOCIO;T;783108,16;CLASIFICADO
2026-06-17;CALLAO;EGRESO;PAGO A PROVEEDORES;PAULINA;LA PAULINA;NEGOCIO;E;-6573100;CLASIFICADO
2026-06-17;V. OBLIGADO;EGRESO;SERVICIOS;EPE2;ENERGIA ELECTRICA;NEGOCIO;T;-87534,29;CLASIFICADO
2026-06-17;CALLAO;EGRESO;PAGO A PROVEEDORES;PAULINA;LA PAULINA;NEGOCIO;T;-4000000;CLASIFICADO
2026-06-17;CALLAO;EGRESO;PAGO A PROVEEDORES;ILOLAY;ILOLAY;NEGOCIO;T;-548431;CLASIFICADO
2026-06-17;CALLAO;EGRESO;GASTOS VARIOS;GASTO2;RODEO AUI 689- 1 PARCHE GRANDE;DEPOSITO/LOG;E;-15000;CLASIFICADO
2026-06-17;CALLAO;EGRESO;GASTOS BANCARIOS;TARJETA VISA;VISA COMERCIAL CG;NEGOCIO;E;-700000;CLASIFICADO
2026-06-17;V. OBLIGADO;EGRESO;GASTOS VARIOS;GASTO7;2 CPIAS CRUZ + 4 COPIAS DOBLE PALETA, CERRADURA A PEDIDO DE ROBERTO;NEGOCIO;E;-43000;CLASIFICADO
2026-06-17;CALLAO;EGRESO;PAGO A PROVEEDORES;PAULINA;LA PAULINA;NEGOCIO;T;-6900000;CLASIFICADO
2026-06-17;V. OBLIGADO;EGRESO;GERENCIA;ITALMEDICA1;ITALMEDICA ROBERTO;GERENCIA;E;-218062;CLASIFICADO
2026-06-17;CALLAO;EGRESO;GERENCIA;ITALMEDICA2;ITALMEDICA GERARDO;GERENCIA;T;-291782;CLASIFICADO
2026-06-17;CALLAO;EGRESO;SERVICIO TERCIARIZADO;CANTEROS;JORNAL;DEPOSITO/LOG;E;-70200;CLASIFICADO
2026-06-17;CALLAO;EGRESO;IMPUESTOS;DBCR 25413;;NEGOCIO;;-140460,06;CLASIFICADO
2026-06-18;CALLAO;EGRESO;GERENCIA;GERENCIA1;RETIRO DE RECAUDACIÓN;NEGOCIO;E;-700000;CLASIFICADO
2026-06-18;CALLAO;EGRESO;GERENCIA;GERENCIA2;MOVIMIENTOS DE BANCO;NEGOCIO;T;-400000;CLASIFICADO
2026-06-18;CALLAO;INGRESO;VENTA DIARIA;V30;COBRANZA V30;VENTAS;E/T;2416088,06;CLASIFICADO
2026-06-18;CALLAO;INGRESO;VENTA DIARIA;V28;COBRANZA V28;VENTAS;E/T;283592;CLASIFICADO
2026-06-18;CALLAO;INGRESO;VENTA DIARIA;V26;COBRANZA V26;VENTAS;T;2322459;CLASIFICADO
2026-06-18;CALLAO;INGRESO;VENTA DIARIA;R1;COBRANZA REPARTO 1;DEPOSITO/LOG;E/T;5588574,55;CLASIFICADO
2026-06-18;CALLAO;INGRESO;VENTA DIARIA;R2;COBRANZA REPARTO 2;DEPOSITO/LOG;E/T;4671648,33;CLASIFICADO
2026-06-18;CALLAO;INGRESO;VENTA DIARIA;R3;COBRANZA REPARTO 3;DEPOSITO/LOG;E/T;1965617,24;CLASIFICADO
2026-06-18;PENDIENTE;EGRESO;PENDIENTE CLASIFICAR;GERENCIA3;GERARDO;PENDIENTE;E;-29997,64;PENDIENTE
2026-06-18;PENDIENTE;EGRESO;PENDIENTE CLASIFICAR;GERENCIA3;ROBERTO;PENDIENTE;E;-43069,55;PENDIENTE
2026-06-18;V. OBLIGADO;EGRESO;VEHICULOS COMBUSTIBLE;HIPERGAS2;1 GARRAFA PROPANO 15KG;DEPOSITO/LOG;E;-35554,3;CLASIFICADO
2026-06-18;CALLAO;EGRESO;VEHICULOS COMBUSTIBLE;HIPERGAS1;1 GARRAFA PROPANO 15KG;DEPOSITO/LOG;E;-35554,3;CLASIFICADO
2026-06-18;CALLAO;EGRESO;PAGO A PROVEEDORES;PAULINA;LA PAULINA;NEGOCIO;E;-5539400;CLASIFICADO
2026-06-18;CALLAO;EGRESO;PAGO A PROVEEDORES;ILOLAY;ILOLAY;NEGOCIO;T;-217439,7;CLASIFICADO
2026-06-18;V. OBLIGADO;EGRESO;GASTOS VARIOS;GASTO5;KIT BOTIQUIN PRIMEROS AUXILIOS + COLGANTE PARA MATAFUEGOS;ADMINISTRACION;E;-134550;CLASIFICADO
2026-06-18;CALLAO;EGRESO;GASTOS VARIOS;GASTO1;1 estabilizador de tension que me pidio hernan para instalar el dvr y SWITCH de red;ADMINISTRACION;T;-100000;CLASIFICADO
2026-06-18;CALLAO;EGRESO;GASTOS VARIOS;GASTO4;SEGURO ROBERTO;NEGOCIO;T;-186596,46;CLASIFICADO
2026-06-18;CALLAO;EGRESO;PAGO A PROVEEDORES;PAULINA;LA PAULINA;NEGOCIO;T;-6800000;CLASIFICADO
2026-06-19;CALLAO;EGRESO;GERENCIA;GERENCIA1;RETIRO DE RECAUDACIÓN;NEGOCIO;E;-700000;CLASIFICADO
2026-06-19;CALLAO;EGRESO;GERENCIA;GERENCIA2;MOVIMIENTOS DE BANCO;NEGOCIO;T;-600000;CLASIFICADO
2026-06-19;CALLAO;EGRESO;IMPUESTOS;DBCR 25413;;NEGOCIO;T;-105762,5;CLASIFICADO
2026-06-19;CALLAO;INGRESO;VENTA DIARIA;V28;COBRANZA V28;VENTAS;E/T;1912278,36;CLASIFICADO
2026-06-19;CALLAO;INGRESO;VENTA DIARIA;V30;COBRANZA V30;VENTAS;E;273700;CLASIFICADO
2026-06-19;CALLAO;INGRESO;VENTA DIARIA;R1;COBRANZA REPARTO 1;DEPOSITO/LOG;E/T;2194535,86;CLASIFICADO
2026-06-19;CALLAO;INGRESO;VENTA DIARIA;R2;COBRANZA REPARTO 2;DEPOSITO/LOG;E/T;6883236,04;CLASIFICADO
2026-06-19;CALLAO;INGRESO;VENTA DIARIA;R3;COBRANZA REPARTO 3;DEPOSITO/LOG;E/T;1033672,62;CLASIFICADO
2026-06-19;CALLAO;INGRESO;VENTA DIARIA;VTA MOSTRADOR;COBRANZA MOSTRADOR;NEGOCIO;E;41937,72;CLASIFICADO
2026-06-19;PENDIENTE;EGRESO;PENDIENTE CLASIFICAR;GERENCIA3;RETIRO DE MERCADERIA - ROBERTO;PENDIENTE;E;-225528,88;PENDIENTE
2026-06-19;CALLAO;EGRESO;PAGO A PROVEEDORES;SODECAR;CUENTA CORRIENTE;NEGOCIO;E;-5000000;CLASIFICADO
2026-06-19;CALLAO;EGRESO;PAGO A PROVEEDORES;ORALI;CUENTA CORRIENTE;NEGOCIO;T;-2154338;CLASIFICADO
2026-06-19;CALLAO;EGRESO;SERVICIO TERCIARIZADO;JUAN;SUELDO SEMANAL JUAN;NEGOCIO;E;-300000;CLASIFICADO
2026-06-19;CALLAO;EGRESO;PAGO A PROVEEDORES;ILOLAY;ILOLAY;NEGOCIO;T;-217439,7;CLASIFICADO
2026-06-19;CALLAO;EGRESO;PAGO A PROVEEDORES;PAULINA;LA PAULINA;NEGOCIO;E;-2469900;CLASIFICADO
2026-06-19;CALLAO;EGRESO;MANTENIMIENTO/REPARACIONES;LIMPIEZA;SEMANA LIMPIEZA;NEGOCIO;E;-30000;CLASIFICADO
2026-06-19;V. OBLIGADO;EGRESO;MANTENIMIENTO/REPARACIONES;LIMPIEZA2;SEMANA LIMPIEZA;NEGOCIO;E;-28500;CLASIFICADO
2026-06-19;CALLAO;EGRESO;SERVICIO TERCIARIZADO;R1 RAMIRO;COMISION FLETERO RAMIRO;DEPOSITO/LOG;E;-328001;CLASIFICADO
2026-06-19;CALLAO;EGRESO;GERENCIA;JULIO3;ELECTRICISTA;NEGOCIO;e;-250000;CLASIFICADO
2026-06-19;CALLAO;EGRESO;SERVICIO TERCIARIZADO;SEREY2;MAYO;VENTAS;E;-42386,74;CLASIFICADO
2026-06-19;V. OBLIGADO;EGRESO;SERVICIO TERCIARIZADO;LUIS;SEMANA AYUDANTE LUIS;DEPOSITO/LOG;E;-105000;CLASIFICADO
2026-06-19;V. OBLIGADO;EGRESO;SERVICIO TERCIARIZADO;LAUTARO;SEMANA AYUDANTE LAUTARO;DEPOSITO/LOG;E;-105000;CLASIFICADO
2026-06-19;V. OBLIGADO;EGRESO;SERVICIO TERCIARIZADO;OCAMPO;SEMANA AYUDANTE OCAMPO;DEPOSITO/LOG;E;-105000;CLASIFICADO
2026-06-19;CALLAO;EGRESO;SERVICIO TERCIARIZADO;R2 CARLOS;COMISION FLETERO CARLITOS;DEPOSITO/LOG;E;-832260,27;CLASIFICADO
2026-06-19;V. OBLIGADO;EGRESO;GASTOS VARIOS;GASTO5;GASTOS VARIOS ADM- REPARACIÓN DE  CELULAR- MACIEL;ADMINISTRACION;E;-45000;CLASIFICADO
2026-06-19;CALLAO;EGRESO;PAGO A PROVEEDORES;PAULINA;LA PAULINA;NEGOCIO;T;-3942475,59;CLASIFICADO
2026-06-19;V. OBLIGADO;EGRESO;VEHICULOS SERV/REPARACIONES;GIACONE2;HELI- CLARCK A CUENTA $1.108.600;DEPOSITO/LOG;E;-500000;CLASIFICADO
2026-06-19;CALLAO;EGRESO;PAGO A PROVEEDORES;PALOMA;PALOMA;NEGOCIO;E;-848700;CLASIFICADO
2026-06-19;CALLAO;EGRESO;SERVICIO TERCIARIZADO;CANTEROS;JORNAL X2 DÍAS;DEPOSITO/LOG;E;-140000;CLASIFICADO
2026-06-19;V. OBLIGADO;INGRESO;LOGISTICA;Dulcor;ECHEQ + RET FECHA JULIO PARA COBRAR;NEGOCIO;Echeq;731807,7;CLASIFICADO
2026-06-19;V. OBLIGADO;INGRESO;LOGISTICA;Yuspe;ECHEQ + RET FECHA JULIO PARA COBRAR;NEGOCIO;Echeq;255586,79;CLASIFICADO
2026-06-19;V. OBLIGADO;INGRESO;LOGISTICA;Vanoli;ECHEQ + RET FECHA JULIO PARA COBRAR;NEGOCIO;Echeq;102385,49;CLASIFICADO
2026-06-19;V. OBLIGADO;INGRESO;LOGISTICA;Yuspe;ECHEQ + RET FECHA JULIO PARA COBRAR;NEGOCIO;Echeq;198615,06;CLASIFICADO
2026-06-19;V. OBLIGADO;INGRESO;LOGISTICA;Vanoli;ECHEQ + RET FECHA JULIO PARA COBRAR;NEGOCIO;Echeq;35768,6;CLASIFICADO
2026-06-19;V. OBLIGADO;INGRESO;LOGISTICA;Dulcor;ECHEQ + RET FECHA JULIO PARA COBRAR;NEGOCIO;Echeq;117059,53;CLASIFICADO
2026-06-19;V. OBLIGADO;INGRESO;LOGISTICA;Dulcor;ECHEQ + RET FECHA JULIO PARA COBRAR;NEGOCIO;Echeq;856569,06;CLASIFICADO
2026-06-19;V. OBLIGADO;INGRESO;LOGISTICA;Yuspe;ECHEQ + RET FECHA JULIO PARA COBRAR;NEGOCIO;Echeq;133771,44;CLASIFICADO
2026-06-19;V. OBLIGADO;INGRESO;LOGISTICA;Dulcor;ECHEQ + RET FECHA JULIO PARA COBRAR;NEGOCIO;Echeq;474237,56;CLASIFICADO
2026-06-19;V. OBLIGADO;INGRESO;LOGISTICA;Veneziana;ECHEQ + RET FECHA JULIO PARA COBRAR;NEGOCIO;Echeq;27175425,17;CLASIFICADO
2026-06-19;V. OBLIGADO;INGRESO;LOGISTICA;Veneziana;ECHEQ + RET FECHA JULIO PARA COBRAR / Corresponde a la liq de abril;NEGOCIO;Echeq;4095271,57;CLASIFICADO
2026-06-22;CALLAO;EGRESO;GERENCIA;GERENCIA1;RETIRO DE RECAUDACIÓN;NEGOCIO;E;-200000;CLASIFICADO
2026-06-22;CALLAO;INGRESO;VENTA DIARIA;V26;COBRANZA V26;VENTAS;E/T;4281249,17;CLASIFICADO
2026-06-22;CALLAO;INGRESO;VENTA DIARIA;V24;COBRANZA V24;VENTAS;T;35300;CLASIFICADO
2026-06-22;CALLAO;INGRESO;VENTA DIARIA;V28;COBRANZA V28;VENTAS;T;615755,87;CLASIFICADO
2026-06-22;CALLAO;INGRESO;VENTA DIARIA;V30;COBRANZA V30;VENTAS;T/R;1836246,59;CLASIFICADO
2026-06-22;CALLAO;EGRESO;GERENCIA;GERENCIA2;MOVIMIENTOS DE BANCO;NEGOCIO;T;-400000;CLASIFICADO
2026-06-22;CALLAO;EGRESO;IMPUESTOS;DBCR 25413;;NEGOCIO;T;-73194,45;CLASIFICADO
2026-06-22;CALLAO;EGRESO;SUELDOS QUINCENA;SUELDOS1;SUELDOS ADMINISTRACION;ADMINISTRACION;E/T;-726849,22;CLASIFICADO
2026-06-22;CALLAO;EGRESO;SUELDOS QUINCENA;SUELDOS1;SUELDOS ADMINISTRACION;ADMINISTRACION;E/T;-755891,44;CLASIFICADO
2026-06-22;CALLAO;EGRESO;SUELDOS QUINCENA;SUELDOS2;SUELDOS DEPOSITO;DEPOSITO/LOG;T;-1012284,44;CLASIFICADO
2026-06-22;CALLAO;EGRESO;SUELDOS QUINCENA;SUELDOS2;SUELDOS DEPOSITO;DEPOSITO/LOG;E/T;-702097,4;CLASIFICADO
2026-06-22;V. OBLIGADO;EGRESO;SUELDOS QUINCENA;SUELDOS3;SUELDO PABLO MACIEL;DEPOSITO/LOG;E/T;-1014563,32;CLASIFICADO
2026-06-22;CALLAO;EGRESO;SUELDOS QUINCENA;SUELDOS4;SUELDOS VENTAS;VENTAS;T;-792897,74;CLASIFICADO
2026-06-22;CALLAO;EGRESO;SUELDOS QUINCENA;SUELDOS4;SUELDOS VENTAS;VENTAS;E;-684462,48;CLASIFICADO
2026-06-22;CALLAO;EGRESO;SUELDOS QUINCENA;SUELDOS4;SUELDOS VENTAS;VENTAS;E;-684462,48;CLASIFICADO
2026-06-22;CALLAO;EGRESO;SUELDOS QUINCENA;SUELDOS4;SUELDOS VENTAS;VENTAS;E/T;-726849,22;CLASIFICADO
2026-06-22;CALLAO;EGRESO;SUELDOS QUINCENA;SUELDOS4;SUELDOS VENTAS;VENTAS;T;-768119,68;CLASIFICADO
2026-06-22;CALLAO;EGRESO;VEHICULOS COMBUSTIBLE;MENJUA;MENJUA;NEGOCIO;Echeq/T/ FC PRONTO;-1318042,71;CLASIFICADO
2026-06-22;CALLAO;EGRESO;GERENCIA;GERENCIA5;SEGURO HOLANDO;NEGOCIO;E;-30842,82;CLASIFICADO
2026-06-22;V. OBLIGADO;EGRESO;GASTOS VARIOS;GASTO7;PICADA PARA EL PARTIDO;NEGOCIO;E;-15122,25;CLASIFICADO
2026-06-22;CALLAO;INGRESO;VENTA DIARIA;R1;COBRANZA REPARTO 1;DEPOSITO/LOG;E/T;4988526,59;CLASIFICADO
2026-06-22;CALLAO;INGRESO;VENTA DIARIA;R2;COBRANZA REPARTO 2;DEPOSITO/LOG;E/T;5107459,54;CLASIFICADO
2026-06-22;CALLAO;INGRESO;VENTA DIARIA;R3;COBRANZA REPARTO 3;DEPOSITO/LOG;E/T;2183642,39;CLASIFICADO
2026-06-22;CALLAO;EGRESO;SERVICIO TERCIARIZADO;CANTEROS;JORNAL - SE DECUENTA A RAMIRO DEL PROXIMO PAGO POR FALTAR SIN PREVIO AVISO;DEPOSITO/LOG;E;-70200;CLASIFICADO
2026-06-22;CALLAO;EGRESO;PAGO A PROVEEDORES;ILOLAY;ILOLAY;NEGOCIO;T;-902704,91;CLASIFICADO
2026-06-23;CALLAO;EGRESO;GERENCIA;GERENCIA1;RETIRO DE RECAUDACIÓN;NEGOCIO;E;-700000;CLASIFICADO
2026-06-23;CALLAO;EGRESO;GERENCIA;GERENCIA1;RETIRO DE RECAUDACIÓN;NEGOCIO;E;-400000;CLASIFICADO
2026-06-23;CALLAO;INGRESO;VENTA DIARIA;V28;COBRANZA V28;VENTAS;E/T;785744,76;CLASIFICADO
2026-06-23;CALLAO;INGRESO;VENTA DIARIA;V26;COBRANZA V26;VENTAS;T;314000;CLASIFICADO
2026-06-23;CALLAO;INGRESO;VENTA DIARIA;V24;COBRANZA V24;VENTAS;E/T;232137,72;CLASIFICADO
2026-06-23;CALLAO;INGRESO;VENTA DIARIA;V30;COBRANZA V30;VENTAS;T;3467768,25;CLASIFICADO
2026-06-23;CALLAO;INGRESO;VENTA DIARIA;V30;COBRANZA - FECHA JULIO PARA COBRAR;VENTAS;Echeq;92040,65;CLASIFICADO
2026-06-23;CALLAO;INGRESO;VENTA DIARIA;R1;COBRANZA REPARTO 1;DEPOSITO/LOG;E/T;4149032,86;CLASIFICADO
2026-06-23;CALLAO;INGRESO;VENTA DIARIA;R2;COBRANZA REPARTO 2;DEPOSITO/LOG;E/T;4535668,05;CLASIFICADO
2026-06-23;CALLAO;INGRESO;VENTA DIARIA;R3;COBRANZA REPARTO 3;DEPOSITO/LOG;E/T;1268461,66;CLASIFICADO
2026-06-23;CALLAO;INGRESO;VENTA DIARIA;VTA MOSTRADOR;COBRANZA MOSTRADOR;NEGOCIO;T;305042,8;CLASIFICADO
2026-06-23;CALLAO;EGRESO;PAGO A PROVEEDORES;PAULINA;LA PAULINA;NEGOCIO;E/T;-13131800;CLASIFICADO
2026-06-23;CALLAO;EGRESO;PAGO A PROVEEDORES;PAULINA;LA PAULINA;NEGOCIO;T;-3000000;CLASIFICADO
2026-06-23;V. OBLIGADO;EGRESO;VEHICULOS COMBUSTIBLE;HIPERGAS2;1 GARRAFA PROPANO 15KG;DEPOSITO/LOG;E;-35600;CLASIFICADO
2026-06-23;V. OBLIGADO;EGRESO;MANTENIMIENTO/REPARACIONES;ARIEL2;ARIEL- ALBAÑIL/TECHISTA;NEGOCIO;E;-600000;CLASIFICADO
2026-06-23;CALLAO;EGRESO;SERVICIO TERCIARIZADO;AYUDANTE R1;AUSENTE RAMIRO JORNAL;DEPOSITO/LOG;E;-30000;CLASIFICADO
2026-06-23;CALLAO;EGRESO;GASTOS VARIOS;GASTO2;DIESEL RODEO 4,38;DEPOSITO/LOG;E;-10000;CLASIFICADO
2026-06-23;CALLAO;EGRESO;SERVICIO TERCIARIZADO;CANTEROS;JORNAL;DEPOSITO/LOG;E;-70200;CLASIFICADO
2026-06-23;CALLAO;EGRESO;GERENCIA;GERENCIA2;MOVIMIENTOS DE BANCO;NEGOCIO;T;-600000;CLASIFICADO
2026-06-24;CALLAO;EGRESO;GERENCIA;GERENCIA1;RETIRO DE RECAUDACIÓN;NEGOCIO;E;-40000;CLASIFICADO
2026-06-24;CALLAO;EGRESO;GERENCIA;GERENCIA2;MOVIMIENTOS DE BANCO;NEGOCIO;T;-400000;CLASIFICADO
2026-06-24;CALLAO;EGRESO;IMPUESTOS;DBCR 25413;;NEGOCIO;;-123328,61;CLASIFICADO
2026-06-24;CALLAO;EGRESO;GASTOS BANCARIOS;CREDITO;CUOTA 5;NEGOCIO;T;-3353323,64;CLASIFICADO
2026-06-24;CALLAO;INGRESO;VENTA DIARIA;V26;COBRANZA V26;VENTAS;E/T;417000;CLASIFICADO
2026-06-24;CALLAO;INGRESO;VENTA DIARIA;V24;COBRANZA V24;VENTAS;E;486100;CLASIFICADO
2026-06-24;CALLAO;INGRESO;VENTA DIARIA;V28;COBRANZA V28;VENTAS;T;3554605,67;CLASIFICADO
2026-06-24;CALLAO;INGRESO;VENTA DIARIA;V30;COBRANZA V30;VENTAS;E/T;4012841,86;CLASIFICADO
2026-06-24;CALLAO;INGRESO;VENTA DIARIA;R1;COBRANZA REPARTO 1;DEPOSITO/LOG;E/T;3722627,98;CLASIFICADO
2026-06-24;CALLAO;INGRESO;VENTA DIARIA;R2;COBRANZA REPARTO 2;DEPOSITO/LOG;E/T;2997226,51;CLASIFICADO
2026-06-24;CALLAO;INGRESO;VENTA DIARIA;R3;COBRANZA REPARTO 3;DEPOSITO/LOG;E/T;732461,77;CLASIFICADO
2026-06-24;CALLAO;INGRESO;VENTA DIARIA;VTA MOSTRADOR;COBRANZA MOSTRADOR;NEGOCIO;T;123218,33;CLASIFICADO
2026-06-24;CALLAO;EGRESO;PAGO A PROVEEDORES;PAULINA;LA PAULINA;NEGOCIO;T;-6900000;CLASIFICADO
2026-06-24;CALLAO;EGRESO;PAGO A PROVEEDORES;PAULINA;LA PAULINA;NEGOCIO;E;-4957000;CLASIFICADO
2026-06-24;CALLAO;EGRESO;GASTOS VARIOS;GASTO4;BORDADO- BUZO CAMPERA;NEGOCIO;E;-30000;CLASIFICADO
2026-06-24;CALLAO;EGRESO;GERENCIA;GERENCIA5;RAPIPAGO;NEGOCIO;E;-211107,29;CLASIFICADO
2026-06-24;CALLAO;EGRESO;VEHICULOS SERV/REPARACIONES;POLACO1;REPARACIONES VEHICULO MB 608;DEPOSITO/LOG;E;-87000;CLASIFICADO
2026-06-10;CALLAO;INGRESO;VENTA DIARIA;V30;COBRANZA V30;VENTAS;T;1710941,72;CLASIFICADO
2026-06-10;CALLAO;INGRESO;VENTA DIARIA;V28;COBRANZA V28;VENTAS;E;250500;CLASIFICADO
2026-06-10;CALLAO;INGRESO;VENTA DIARIA;V24;COBRANZA V24;VENTAS;E/T;674803,05;CLASIFICADO
2026-06-10;CALLAO;INGRESO;VENTA DIARIA;R1;COBRANZA REPARTO 1;DEPOSITO/LOG;E;1990917,01;CLASIFICADO
2026-06-10;CALLAO;INGRESO;VENTA DIARIA;R1;COBRANZA REPARTO 1;DEPOSITO/LOG;t;1772369,1;CLASIFICADO
2026-06-10;CALLAO;INGRESO;VENTA DIARIA;R2;COBRANZA REPARTO 2;DEPOSITO/LOG;E;1833344,04;CLASIFICADO
2026-06-10;CALLAO;INGRESO;VENTA DIARIA;R2;COBRANZA REPARTO 2;DEPOSITO/LOG;T;1589407,84;CLASIFICADO
2026-06-10;CALLAO;INGRESO;VENTA DIARIA;R3;COBRANZA REPARTO 3;DEPOSITO/LOG;E;894360,44;CLASIFICADO
2026-06-10;CALLAO;INGRESO;VENTA DIARIA;R3;COBRANZA REPARTO 3;DEPOSITO/LOG;t;1908921;CLASIFICADO
2026-06-10;CALLAO;EGRESO;GERENCIA;GERENCIA1;RETIRO DE RECAUDACIÓN;NEGOCIO;E;-500000;CLASIFICADO
2026-06-10;CALLAO;EGRESO;GERENCIA;GERENCIA2;MOVIMIENTOS DE BANCO;NEGOCIO;T;-400000;CLASIFICADO
2026-06-10;V. OBLIGADO;EGRESO;VEHICULOS COMBUSTIBLE;hipergas2;1 GARRAFA PROPANO 15KG;DEPOSITO/LOG;E;-35554,3;CLASIFICADO
2026-06-10;V. OBLIGADO;EGRESO;IMPUESTOS;TGI2;TGI VUELTA OBLIGADO;NEGOCIO;T;-60518,67;CLASIFICADO
2026-06-10;CALLAO;EGRESO;PAGO A PROVEEDORES;PAULINA;LA PAULINA;NEGOCIO;E;-3460000;CLASIFICADO
2026-06-10;CALLAO;EGRESO;PAGO A PROVEEDORES;PAULINA;LA PAULINA;NEGOCIO;T;-31700000;CLASIFICADO
2026-06-10;CALLAO;EGRESO;SERVICIO TERCIARIZADO;R1 RAMIRO;COMISION FLETERO RAMIRO;DEPOSITO/LOG;E;-410001;CLASIFICADO
2026-06-10;CALLAO;EGRESO;VEHICULOS SERV/REPARACIONES;PRIALIS;ACEITE VEHICULOS PRIALIS;DEPOSITO/LOG;E;-177596;CLASIFICADO
2026-06-10;CALLAO;EGRESO;PAGO A PROVEEDORES;PALOMA;PALOMA;NEGOCIO;E;-671710;CLASIFICADO
2026-06-10;CALLAO;EGRESO;PAGO A PROVEEDORES;PAULINA;LA PAULINA;NEGOCIO;T;-4300000;CLASIFICADO
2026-06-10;CALLAO;EGRESO;MANTENIMIENTO/REPARACIONES;PODA;PODA ARBOLES;NEGOCIO;T;-400000;CLASIFICADO
2026-06-09;CALLAO;EGRESO;SERVICIO TERCIARIZADO;CANTEROS;JORNAL;DEPOSITO/LOG;E;-140400;CLASIFICADO
2026-06-09;CALLAO;INGRESO;VENTA DIARIA;v30;COBRANZA V30;VENTAS;T;36373,52;CLASIFICADO
2026-06-09;CALLAO;INGRESO;VENTA DIARIA;v28;COBRANZA V28;VENTAS;E/T;1607465,09;CLASIFICADO
2026-06-09;CALLAO;INGRESO;VENTA DIARIA;R1;COBRANZA REPARTO 1;DEPOSITO/LOG;E;2389580,73;CLASIFICADO
2026-06-09;CALLAO;INGRESO;VENTA DIARIA;R1;COBRANZA REPARTO 1;DEPOSITO/LOG;t;1623352,13;CLASIFICADO
2026-06-09;CALLAO;INGRESO;VENTA DIARIA;R2;COBRANZA REPARTO 2;DEPOSITO/LOG;E;2524099,1;CLASIFICADO
2026-06-09;CALLAO;INGRESO;VENTA DIARIA;R2;COBRANZA REPARTO 2;DEPOSITO/LOG;T;2249440,98;CLASIFICADO
2026-06-09;CALLAO;INGRESO;VENTA DIARIA;R3;COBRANZA REPARTO 3;DEPOSITO/LOG;E;231105,08;CLASIFICADO
2026-06-09;CALLAO;INGRESO;VENTA DIARIA;R3;COBRANZA REPARTO 3;DEPOSITO/LOG;t;219915,65;CLASIFICADO
2026-06-09;CALLAO;INGRESO;VENTA DIARIA;VTA MOSTRADOR;COBRANZA MOSTRADOR;NEGOCIO;T;301845,23;CLASIFICADO
2026-06-09;CALLAO;EGRESO;GERENCIA;gerencia1;RETIRO DE RECAUDACIÓN;NEGOCIO;E;-800000;CLASIFICADO
2026-06-09;CALLAO;EGRESO;GERENCIA;gerencia8;RETIROS MERCADERIA GERARDO;NEGOCIO;E;-58755,65;CLASIFICADO
2026-06-09;V. OBLIGADO;EGRESO;GERENCIA;gerencia6;RETIROS MERCADERIA ROBERTO;NEGOCIO;E;-24069,2;CLASIFICADO
2026-06-09;CALLAO;EGRESO;PAGO A PROVEEDORES;PAULINA;LA PAULINA;NEGOCIO;E;-5359700;CLASIFICADO
2026-06-09;CALLAO;EGRESO;PAGO A PROVEEDORES;PAULINA;LA PAULINA;NEGOCIO;E;-20100;CLASIFICADO
2026-06-09;CALLAO;EGRESO;CONTADOR;CATENA;ALQUILER PASUALE;NEGOCIO;E;-480759;CLASIFICADO
2026-06-09;CALLAO;EGRESO;CONTADOR;CATENA 1;GASTOS MENSUALES ESTUDIO;NEGOCIO;E;-1069241;CLASIFICADO
2026-06-09;V. OBLIGADO;EGRESO;CONTADOR;CATENA2;GASTOS MENSUALES ESTUDIO;NEGOCIO;E;-450000;CLASIFICADO
2026-06-09;CALLAO;EGRESO;PAGO A PROVEEDORES;ILOLAY;ILOLAY;NEGOCIO;T;-454686,36;CLASIFICADO
2026-06-09;CALLAO;EGRESO;IMPUESTOS;SUSS1;SUSS AUTONOMO JUAN PABLO;NEGOCIO;T;-141246,98;CLASIFICADO
2026-06-09;CALLAO;EGRESO;GASTOS VARIOS;GASTO4;GASTOS VARIOS NEGOCIO;NEGOCIO;E;-145000;CLASIFICADO
2026-06-09;CALLAO;EGRESO;GASTOS VARIOS;GASTO1;GASTOS VARIOS ADMIN;ADMINISTRACION;E;-168000;CLASIFICADO
2026-06-09;CALLAO;EGRESO;CONTADOR;CATENA;ALQUILER PASUALE;NEGOCIO;E;-1000000;CLASIFICADO
2026-06-09;CALLAO;EGRESO;PAGO A PROVEEDORES;PAULINA;LA PAULINA;NEGOCIO;T;-6900000;CLASIFICADO
2026-06-09;CALLAO;EGRESO;PAGO A PROVEEDORES;PAULINA;LA PAULINA;NEGOCIO;T;-5600000;CLASIFICADO
2026-06-09;CALLAO;EGRESO;IMPUESTOS;DBCR 25413;;NEGOCIO;T;-76201,46;CLASIFICADO
2026-06-09;CALLAO;EGRESO;IMPUESTOS;DBCR 25413;;NEGOCIO;T;-42080,43;CLASIFICADO
2026-06-08;CALLAO;INGRESO;VENTA DIARIA;V30;COBRANZA V30;VENTAS;E/T;7343686,87;CLASIFICADO
2026-06-08;CALLAO;INGRESO;VENTA DIARIA;V28;COBRANZA V28;VENTAS;T;2293702,88;CLASIFICADO
2026-06-08;CALLAO;INGRESO;VENTA DIARIA;V26;COBRANZA V26;VENTAS;T;2515802;CLASIFICADO
2026-06-08;CALLAO;INGRESO;VENTA DIARIA;R1;COBRANZA REPARTO 1;DEPOSITO/LOG;E;2663718,51;CLASIFICADO
2026-06-08;CALLAO;INGRESO;VENTA DIARIA;R1;COBRANZA REPARTO 1;DEPOSITO/LOG;t;362326,92;CLASIFICADO
2026-06-08;CALLAO;INGRESO;VENTA DIARIA;R2;COBRANZA REPARTO 2;DEPOSITO/LOG;E;1527641,65;CLASIFICADO
2026-06-08;CALLAO;INGRESO;VENTA DIARIA;R2;COBRANZA REPARTO 2;DEPOSITO/LOG;T;848564,87;CLASIFICADO
2026-06-08;CALLAO;INGRESO;VENTA DIARIA;R3;COBRANZA REPARTO 3;DEPOSITO/LOG;E;245713,7;CLASIFICADO
2026-06-08;CALLAO;INGRESO;VENTA DIARIA;R3;COBRANZA REPARTO 3;DEPOSITO/LOG;t;206921;CLASIFICADO
2026-06-08;CALLAO;INGRESO;VENTA DIARIA;VTA MOSTRADOR;COBRANZA MOSTRADOR;NEGOCIO;E/T;652422,68;CLASIFICADO
2026-06-08;CALLAO;EGRESO;PAGO A PROVEEDORES;PAULINA;LA PAULINA;NEGOCIO;E;-3633000;CLASIFICADO
2026-06-08;CALLAO;EGRESO;GASTOS VARIOS;GASTO4;GASTOS VARIOS NEGOCIO;NEGOCIO;T;-89081,87;CLASIFICADO
2026-06-08;CALLAO;EGRESO;MANTENIMIENTO/REPARACIONES;FUMISUR1;FUMIGACION FUMISUR;NEGOCIO;E;-44000;CLASIFICADO
2026-06-08;V. OBLIGADO;EGRESO;MANTENIMIENTO/REPARACIONES;FUMISUR2;FUMIGACION FUMISUR;NEGOCIO;E;-44000;CLASIFICADO
2026-06-08;CALLAO;EGRESO;GERENCIA;gerencia2;MOVIMIENTOS DE BANCO;NEGOCIO;T;-654686,36;CLASIFICADO
2026-06-08;CALLAO;EGRESO;IMPUESTOS;DBCR 25413;;NEGOCIO;T;-42876,98;CLASIFICADO
2026-06-08;CALLAO;EGRESO;IMPUESTOS;DBCR 25413;;NEGOCIO;T;-65949,66;CLASIFICADO
2026-06-08;CALLAO;EGRESO;GASTOS BANCARIOS;CREDITO;CUOTA PRESTAMO BCO MACRO;NEGOCIO;T;-5950108,4;CLASIFICADO
2026-06-07;CALLAO;INGRESO;VENTA DIARIA;V30;COBRANZA V30;VENTAS;e/t;451372,7;CLASIFICADO
2026-06-07;CALLAO;INGRESO;VENTA DIARIA;V24;COBRANZA V24;VENTAS;T;473614,88;CLASIFICADO
2026-06-07;CALLAO;INGRESO;VENTA DIARIA;V26;COBRANZA V26;VENTAS;T;1852558,45;CLASIFICADO
2026-06-07;CALLAO;INGRESO;VENTA DIARIA;R1;COBRANZA REPARTO 1;DEPOSITO/LOG;E;928214,79;CLASIFICADO
2026-06-07;CALLAO;INGRESO;VENTA DIARIA;R1;COBRANZA REPARTO 1;DEPOSITO/LOG;t;1878484,37;CLASIFICADO
2026-06-07;CALLAO;INGRESO;VENTA DIARIA;R2;COBRANZA REPARTO 2;DEPOSITO/LOG;E;4060557,38;CLASIFICADO
2026-06-07;CALLAO;INGRESO;VENTA DIARIA;R2;COBRANZA REPARTO 2;DEPOSITO/LOG;T;323449,9;CLASIFICADO
2026-06-07;CALLAO;INGRESO;VENTA DIARIA;R2;COBRANZA REPARTO 2;DEPOSITO/LOG;ECHQ;189274,03;CLASIFICADO
2026-06-07;CALLAO;INGRESO;VENTA DIARIA;R3;COBRANZA REPARTO 3;DEPOSITO/LOG;E;913053,25;CLASIFICADO
2026-06-07;CALLAO;INGRESO;VENTA DIARIA;R3;COBRANZA REPARTO 3;DEPOSITO/LOG;t;981317,98;CLASIFICADO
2026-06-07;CALLAO;EGRESO;GERENCIA;GERENCIA1;RETIRO DE RECAUDACIÓN;NEGOCIO;E;-600000;CLASIFICADO
2026-06-07;CALLAO;EGRESO;SUELDOS QUINCENA;SUELDOS1;SUELDOS ADMINISTRACION;ADMINISTRACION;E/T;-736277,48;CLASIFICADO
2026-06-07;CALLAO;EGRESO;SUELDOS QUINCENA;SUELDOS1;SUELDOS ADMINISTRACION;ADMINISTRACION;E/T;-765570,28;CLASIFICADO
2026-06-07;CALLAO;EGRESO;SUELDOS QUINCENA;SUELDOS2;SUELDOS DEPOSITO;DEPOSITO/LOG;E/T;-1017771;CLASIFICADO
2026-06-07;CALLAO;EGRESO;SUELDOS QUINCENA;SUELDOS2;SUELDOS DEPOSITO;DEPOSITO/LOG;E/T;-711204,02;CLASIFICADO
2026-06-07;V. OBLIGADO;EGRESO;SUELDOS QUINCENA;SUELDOS3;SUELDO PABLO MACIEL;DEPOSITO/LOG;E/T;-1026384,22;CLASIFICADO
2026-06-07;CALLAO;EGRESO;SUELDOS QUINCENA;SUELDOS4;SUELDOS VENTAS;VENTAS;E;-693890,74;CLASIFICADO
2026-06-07;CALLAO;EGRESO;SUELDOS QUINCENA;SUELDOS4;SUELDOS VENTAS;VENTAS;T;-775812,03;CLASIFICADO
2026-06-07;CALLAO;EGRESO;SUELDOS QUINCENA;SUELDOS4;SUELDOS VENTAS;VENTAS;E;-95709,07;CLASIFICADO
2026-06-07;CALLAO;EGRESO;SUELDOS QUINCENA;SUELDOS4;SUELDOS VENTAS;VENTAS;E/T;-736277,48;CLASIFICADO
2026-06-07;CALLAO;EGRESO;SUELDOS QUINCENA;SUELDOS4;SUELDOS VENTAS;VENTAS;T;-799547,91;CLASIFICADO
2026-06-07;CALLAO;EGRESO;COMISIONES+PREMIO;SUELDOS9;COMISIONES Y PREMIO VTAS;VENTAS;E;-389886,79;CLASIFICADO
2026-06-07;CALLAO;EGRESO;COMISIONES+PREMIO;SUELDOS9;COMISIONES Y PREMIO VTAS;VENTAS;E;-639670,88;CLASIFICADO
2026-06-07;CALLAO;EGRESO;COMISIONES+PREMIO;SUELDOS9;COMISIONES Y PREMIO VTAS;VENTAS;E;-412114,45;CLASIFICADO
2026-06-07;CALLAO;EGRESO;MANTENIMIENTO/REPARACIONES;LIMPIEZA;SEMANA LIMPIEZA;NEGOCIO;E;-55500;CLASIFICADO
2026-06-07;CALLAO;EGRESO;SERVICIO TERCIARIZADO;R1 RAMIRO;COMISION FLETERO RAMIRO;DEPOSITO/LOG;E;-410001;CLASIFICADO
2026-06-07;CALLAO;EGRESO;SERVICIO TERCIARIZADO;R2 CARLOS;COMISION FLETERO CARLITOS;DEPOSITO/LOG;E;-896927,52;CLASIFICADO
2026-06-07;CALLAO;EGRESO;SERVICIO TERCIARIZADO;JUAN;SUELDO SEMANAL JUAN;NEGOCIO;E;-200000;CLASIFICADO
2026-06-07;V. OBLIGADO;EGRESO;SERVICIO TERCIARIZADO;LUIS;SEMANA AYUDANTE LUIS;DEPOSITO/LOG;E;-105000;CLASIFICADO
2026-06-07;V. OBLIGADO;EGRESO;SERVICIO TERCIARIZADO;LAUTARO;SEMANA AYUDANTE LAUTARO;DEPOSITO/LOG;E;-105000;CLASIFICADO
2026-06-07;V. OBLIGADO;EGRESO;SERVICIO TERCIARIZADO;OCAMPO;SEMANA AYUDANTE OCAMPO;DEPOSITO/LOG;E;-105000;CLASIFICADO
2026-06-07;CALLAO;EGRESO;SERVICIO TERCIARIZADO;CANTEROS;JORNAL;DEPOSITO/LOG;E;-70200;CLASIFICADO
2026-06-07;CALLAO;EGRESO;PAGO A PROVEEDORES;ILOLAY;ILOLAY;NEGOCIO;T;-628945,48;CLASIFICADO
2026-06-07;CALLAO;EGRESO;PAGO A PROVEEDORES;ONNEG;ONNEG;NEGOCIO;T;-1406396,12;CLASIFICADO
2026-06-04;CALLAO;INGRESO;VENTA DIARIA;v30;COBRANZA V30;VENTAS;e/t;6069140,11;CLASIFICADO
2026-06-04;CALLAO;INGRESO;VENTA DIARIA;v24;COBRANZA V24;VENTAS;T;68009;CLASIFICADO
2026-06-04;CALLAO;INGRESO;VENTA DIARIA;v28;COBRANZA V28;VENTAS;T;1146663,59;CLASIFICADO
2026-06-04;CALLAO;INGRESO;VENTA DIARIA;v26;COBRANZA V26;VENTAS;T;24000;CLASIFICADO
2026-06-04;CALLAO;INGRESO;VENTA DIARIA;R1;COBRANZA REPARTO 1;DEPOSITO/LOG;E;695615,32;CLASIFICADO
2026-06-04;CALLAO;INGRESO;VENTA DIARIA;R1;COBRANZA REPARTO 1;DEPOSITO/LOG;t;2280083,76;CLASIFICADO
2026-06-04;CALLAO;INGRESO;VENTA DIARIA;R2;COBRANZA REPARTO 2;DEPOSITO/LOG;E;2419427,53;CLASIFICADO
2026-06-04;CALLAO;INGRESO;VENTA DIARIA;R2;COBRANZA REPARTO 2;DEPOSITO/LOG;T;1039958,09;CLASIFICADO
2026-06-04;CALLAO;INGRESO;VENTA DIARIA;R3;COBRANZA REPARTO 3;DEPOSITO/LOG;E;1240528,33;CLASIFICADO
2026-06-04;CALLAO;INGRESO;VENTA DIARIA;R3;COBRANZA REPARTO 3;DEPOSITO/LOG;t;1233339;CLASIFICADO
2026-06-04;CALLAO;INGRESO;VENTA DIARIA;VTA MOSTRADOR;COBRANZA MOSTRADOR;NEGOCIO;E/T;845757,77;CLASIFICADO
2026-06-04;CALLAO;EGRESO;GERENCIA;GERENCIA1;RETIRO DE RECAUDACIÓN;NEGOCIO;E;-400000;CLASIFICADO
2026-06-04;CALLAO;EGRESO;SERVICIO TERCIARIZADO;CANTEROS;JORNAL;DEPOSITO/LOG;E;-70200;CLASIFICADO
2026-06-04;V. OBLIGADO;EGRESO;GERENCIA;GERENCIA6;RETIROS MERCADERIA ROBERTO;NEGOCIO;E;-9441,1;CLASIFICADO
2026-06-04;CALLAO;EGRESO;CONTADOR;CATENA 1;GASTOS MENSUALES ESTUDIO;NEGOCIO;E;-1500000;CLASIFICADO
2026-06-04;CALLAO;EGRESO;PAGO A PROVEEDORES;PALOMA;PALOMA;NEGOCIO;E;-678000;CLASIFICADO
2026-06-04;CALLAO;EGRESO;GERENCIA;GERENCIA2;MOVIMIENTOS DE BANCO;NEGOCIO;T;-500000;CLASIFICADO
2026-06-04;CALLAO;EGRESO;PAGO A PROVEEDORES;PAULINA;LA PAULINA;NEGOCIO;T;-5600000;CLASIFICADO
2026-06-04;CALLAO;EGRESO;PAGO A PROVEEDORES;PAULINA;LA PAULINA;NEGOCIO;E;-2378000;CLASIFICADO
2026-06-04;CALLAO;EGRESO;IMPUESTOS;DBCR 25413;;NEGOCIO;T;-37488,33;CLASIFICADO
2026-06-04;CALLAO;EGRESO;IMPUESTOS;DBCR 25413;;NEGOCIO;T;-67345,63;CLASIFICADO
2026-06-04;V. OBLIGADO;EGRESO;SERVICIOS;ROSAFE1;COBERTURA ASIST MEDICA;NEGOCIO;T;-45621,03;CLASIFICADO
2026-06-04;CALLAO;EGRESO;SERVICIOS;ROSAFE2;COBERTURA ASIST MEDICA;NEGOCIO;T;-45621,03;CLASIFICADO
2026-06-04;CALLAO;EGRESO;GERENCIA;HOLANDO;SEGUROS PERSONALES;NEGOCIO;T;-56671,7;CLASIFICADO
2026-06-03;CALLAO;INGRESO;VENTA DIARIA;v30;COBRANZA V30;VENTAS;e/t;1897779,71;CLASIFICADO
2026-06-03;CALLAO;INGRESO;VENTA DIARIA;v24;COBRANZA V24;VENTAS;E/T;329391,05;CLASIFICADO
2026-06-03;CALLAO;INGRESO;VENTA DIARIA;v28;COBRANZA V28;VENTAS;E/T;1143650;CLASIFICADO
2026-06-03;CALLAO;INGRESO;VENTA DIARIA;v26;COBRANZA V26;VENTAS;E;261000;CLASIFICADO
2026-06-03;CALLAO;INGRESO;VENTA DIARIA;R1;COBRANZA REPARTO 1;DEPOSITO/LOG;E;905509,54;CLASIFICADO
2026-06-03;CALLAO;INGRESO;VENTA DIARIA;R1;COBRANZA REPARTO 1;DEPOSITO/LOG;t;1793055,13;CLASIFICADO
2026-06-03;CALLAO;INGRESO;VENTA DIARIA;R2;COBRANZA REPARTO 2;DEPOSITO/LOG;E;1678922,94;CLASIFICADO
2026-06-03;CALLAO;INGRESO;VENTA DIARIA;R2;COBRANZA REPARTO 2;DEPOSITO/LOG;T;3055157,19;CLASIFICADO
2026-06-03;CALLAO;INGRESO;VENTA DIARIA;R3;COBRANZA REPARTO 3;DEPOSITO/LOG;E;1036709,68;CLASIFICADO
2026-06-03;CALLAO;INGRESO;VENTA DIARIA;R3;COBRANZA REPARTO 3;DEPOSITO/LOG;t;60000;CLASIFICADO
2026-06-03;CALLAO;EGRESO;PAGO A PROVEEDORES;PAULINA;LA PAULINA;NEGOCIO;E/T;4738000;CLASIFICADO
2026-06-03;CALLAO;EGRESO;CONTADOR;CATENA 1;GASTOS MENSUALES ESTUDIO;NEGOCIO;E;-1000000;CLASIFICADO
2026-06-03;CALLAO;EGRESO;GERENCIA;GERENCIA1;RETIRO DE RECAUDACIÓN;NEGOCIO;E;-400000;CLASIFICADO
2026-06-03;CALLAO;EGRESO;GERENCIA;GERENCIA2;MOVIMIENTOS DE BANCO;NEGOCIO;T;-400000;CLASIFICADO
2026-06-03;V. OBLIGADO;EGRESO;VEHICULOS COMBUSTIBLE;hipergas2;1 GARRAFA PROPANO 15KG;DEPOSITO/LOG;E;-35554,3;CLASIFICADO
2026-06-03;CALLAO;EGRESO;PAGO A PROVEEDORES;ORALI;CUENTA CORRIENTE;NEGOCIO;T;-2210265;CLASIFICADO
2026-06-03;CALLAO;EGRESO;PAGO A PROVEEDORES;ILOLAY;ILOLAY;NEGOCIO;T;-29067,2;CLASIFICADO
2026-06-03;CALLAO;EGRESO;SERVICIOS;DONWEB;CONECTIVIDAD;NEGOCIO;T;-119000;CLASIFICADO
2026-06-03;CALLAO;EGRESO;PAGO A PROVEEDORES;PAULINA;LA PAULINA;NEGOCIO;T;-4800000;CLASIFICADO
2026-06-03;CALLAO;EGRESO;GASTOS VARIOS;GASTO1;GASTOS VARIOS ADMIN;ADMINISTRACION;T;-124900;CLASIFICADO
2026-06-03;CALLAO;EGRESO;SERVICIO TERCIARIZADO;CANTEROS;JORNAL;DEPOSITO/LOG;E;-70200;CLASIFICADO
2026-06-02;CALLAO;INGRESO;VENTA DIARIA;v30;COBRANZA V30;VENTAS;e/t;1192284,03;CLASIFICADO
2026-06-02;CALLAO;INGRESO;VENTA DIARIA;v24;COBRANZA V24;VENTAS;T;95920,16;CLASIFICADO
2026-06-02;CALLAO;INGRESO;VENTA DIARIA;v28;COBRANZA V28;VENTAS;T;1530363,67;CLASIFICADO
2026-06-02;CALLAO;INGRESO;VENTA DIARIA;R1;COBRANZA REPARTO 1;DEPOSITO/LOG;E;2121375,65;CLASIFICADO
2026-06-02;CALLAO;INGRESO;VENTA DIARIA;R1;COBRANZA REPARTO 1;DEPOSITO/LOG;t;1830682,29;CLASIFICADO
2026-06-02;CALLAO;INGRESO;VENTA DIARIA;R2;COBRANZA REPARTO 2;DEPOSITO/LOG;E;3829169,11;CLASIFICADO
2026-06-02;CALLAO;INGRESO;VENTA DIARIA;R2;COBRANZA REPARTO 2;DEPOSITO/LOG;T;2096046,66;CLASIFICADO
2026-06-02;CALLAO;INGRESO;VENTA DIARIA;R3;COBRANZA REPARTO 3;DEPOSITO/LOG;E;892776,31;CLASIFICADO
2026-06-02;CALLAO;INGRESO;VENTA DIARIA;R3;COBRANZA REPARTO 3;DEPOSITO/LOG;t;481162;CLASIFICADO
2026-06-02;CALLAO;INGRESO;VENTA DIARIA;VTA MOSTRADOR;COBRANZA MOSTRADOR;NEGOCIO;E;1946744,47;CLASIFICADO
2026-06-02;CALLAO;EGRESO;GERENCIA;GERENCIA5;GASTOS VARIOS GERENCIA;NEGOCIO;E;-61378,06;CLASIFICADO
2026-06-02;V. OBLIGADO;EGRESO;SERVICIO TERCIARIZADO;ESTEBAN;QUINCENA FLETERO ESTEBAN;DEPOSITO/LOG;E;-1346336;CLASIFICADO
2026-06-02;V. OBLIGADO;EGRESO;SERVICIO TERCIARIZADO;FEDERICO;QUINCENA FLETERO FEDERICO;DEPOSITO/LOG;E;-1055855;CLASIFICADO
2026-06-02;V. OBLIGADO;EGRESO;SERVICIO TERCIARIZADO;RODOLFO;QUINCENA FLETERO RODOLFO;DEPOSITO/LOG;E;-1023403;CLASIFICADO
2026-06-02;CALLAO;EGRESO;SERVICIO TERCIARIZADO;CANTEROS;JORNAL;DEPOSITO/LOG;E;-70200;CLASIFICADO
2026-06-02;CALLAO;EGRESO;GERENCIA;GERENCIA1;RETIRO DE RECAUDACIÓN;NEGOCIO;E;-900000;CLASIFICADO
2026-06-02;CALLAO;EGRESO;GERENCIA;GERENCIA8;RETIROS MERCADERIA GERARDO;NEGOCIO;E;-9206,49;CLASIFICADO
2026-06-02;CALLAO;EGRESO;PAGO A PROVEEDORES;PRINLAC;PRINLAC;NEGOCIO;E;-13086,95;CLASIFICADO
2026-06-02;CALLAO;EGRESO;SERVICIO TERCIARIZADO;RPROP;FLETE CAMION PROPIO;DEPOSITO/LOG;E;-323938;CLASIFICADO
2026-06-02;CALLAO;EGRESO;GERENCIA;GERENCIA2;MOVIMIENTOS DE BANCO;NEGOCIO;T;-200000;CLASIFICADO
2026-06-02;CALLAO;EGRESO;SERVICIOS;PERSONAL;CONECTIVIDAD PERSONAL FLOW;NEGOCIO;T;-138707,64;CLASIFICADO
2026-06-02;CALLAO;EGRESO;PAGO A PROVEEDORES;ILOLAY;ILOLAY;NEGOCIO;E;-3560000;CLASIFICADO
2026-06-02;CALLAO;EGRESO;VEHICULOS COMBUSTIBLE;MENJUA;MENJUA;NEGOCIO;ECHEQ;-1543624,17;CLASIFICADO
2026-06-02;CALLAO;EGRESO;PAGO A PROVEEDORES;PAULINA;LA PAULINA;NEGOCIO;E/T;-18423500;CLASIFICADO
2026-06-01;CALLAO;INGRESO;VENTA DIARIA;v30;COBRANZA V30;VENTAS;e/t;2879807,78;CLASIFICADO
2026-06-01;CALLAO;INGRESO;VENTA DIARIA;v24;COBRANZA V24;VENTAS;E/T;526432,06;CLASIFICADO
2026-06-01;CALLAO;INGRESO;VENTA DIARIA;v26;COBRANZA V26;VENTAS;E/T;5070132,51;CLASIFICADO
2026-06-01;CALLAO;INGRESO;VENTA DIARIA;R1;COBRANZA REPARTO 1;DEPOSITO/LOG;E;2990127,99;CLASIFICADO
2026-06-01;CALLAO;INGRESO;VENTA DIARIA;R1;COBRANZA REPARTO 1;DEPOSITO/LOG;t;236507,08;CLASIFICADO
2026-06-01;CALLAO;INGRESO;VENTA DIARIA;R2;COBRANZA REPARTO 2;DEPOSITO/LOG;E;3431302,34;CLASIFICADO
2026-06-01;CALLAO;INGRESO;VENTA DIARIA;R2;COBRANZA REPARTO 2;DEPOSITO/LOG;T;1242089,64;CLASIFICADO
2026-06-01;CALLAO;INGRESO;VENTA DIARIA;R3;COBRANZA REPARTO 3;DEPOSITO/LOG;E;3131000,4;CLASIFICADO
2026-06-01;CALLAO;INGRESO;VENTA DIARIA;R3;COBRANZA REPARTO 3;DEPOSITO/LOG;t;79646;CLASIFICADO
2026-06-01;CALLAO;EGRESO;SERVICIOS;PERSONAL;CONECTIVIDAD PERSONAL FLOW;NEGOCIO;T;-150591,8;CLASIFICADO
2026-06-01;CALLAO;EGRESO;SERVICIOS;TRIUNFO;SAP Y SEGUROS VEHICULOS;NEGOCIO;T;-335426;CLASIFICADO
2026-06-01;CALLAO;EGRESO;IMPUESTOS;DBCR 25413;;NEGOCIO;T;-56702,75;CLASIFICADO
2026-06-01;CALLAO;EGRESO;IMPUESTOS;DBCR 25413;;NEGOCIO;T;-35558,72;CLASIFICADO
2026-06-01;CALLAO;EGRESO;GERENCIA;GERENCIA2;MOVIMIENTOS DE BANCO;NEGOCIO;E;-200000;CLASIFICADO
2026-06-01;V. OBLIGADO;EGRESO;VEHICULOS COMBUSTIBLE;hipergas2;1 GARRAFA PROPANO 15KG;DEPOSITO/LOG;E;-33522,62;CLASIFICADO
2026-06-01;CALLAO;EGRESO;PAGO A PROVEEDORES;ILOLAY;ILOLAY;NEGOCIO;T;-3544627,25;CLASIFICADO
2026-06-01;CALLAO;EGRESO;IMPUESTOS;DREI;DREI;NEGOCIO;T;-1170147,1;CLASIFICADO
2026-06-01;CALLAO;EGRESO;PAGO A PROVEEDORES;PAULINA;LA PAULINA;NEGOCIO;E;-5341700;CLASIFICADO
2026-06-25;CALLAO;EGRESO;GERENCIA;GERENCIA1;GERENCIA;NEGOCIO;E;-600000;CLASIFICADO
2026-06-25;CALLAO;INGRESO;VENTA DIARIA;V26;VENTA DIARIA;VENTAS;T;262742,85;CLASIFICADO
2026-06-25;CALLAO;INGRESO;VENTA DIARIA;V28;VENTA DIARIA;VENTAS;T;662369;CLASIFICADO
2026-06-25;CALLAO;INGRESO;VENTA DIARIA;V24;VENTA DIARIA;VENTAS;T;243689,23;CLASIFICADO
2026-06-25;CALLAO;INGRESO;VENTA DIARIA;V30;VENTA DIARIA;VENTAS;E/T/R;5368583,27;CLASIFICADO
2026-06-25;CALLAO;INGRESO;VENTA DIARIA;V30;VENTA DIARIA;VENTAS;ECHEQ;940913,41;CLASIFICADO
2026-06-25;CALLAO;EGRESO;GERENCIA;GERENCIA2;MOVIMIENTOS DE BANCO;NEGOCIO;T;-200000;CLASIFICADO
2026-06-25;CALLAO;EGRESO;IMPUESTOS;DBCR 25413;;NEGOCIO;T;-99142,61;CLASIFICADO
2026-06-25;CALLAO;EGRESO;?????;OPCION SEGUROS;???????;NEGOCIO?;T;-50734,63;CLASIFICADO
2026-06-25;CALLAO;INGRESO;VENTA DIARIA;R1;COBRANZA REPARTO 1;DEPOSITO/LOG;E/T;3260897,65;CLASIFICADO
2026-06-25;CALLAO;INGRESO;VENTA DIARIA;R2;COBRANZA REPARTO 2;DEPOSITO/LOG;E/T;4426286,85;CLASIFICADO
2026-06-25;CALLAO;INGRESO;VENTA DIARIA;R3;COBRANZA REPARTO 3;DEPOSITO/LOG;E/T;1515082,56;CLASIFICADO
2026-06-25;CALLAO;EGRESO;PAGO A PROVEEDORES;ILOLAY;ILOLAY;NEGOCIO;T;-871955,76;CLASIFICADO
2026-06-25;CALLAO;EGRESO;PAGO A PROVEEDORES;PAULINA;LA PAULINA;NEGOCIO;E/CHEQ;-5337000;CLASIFICADO
2026-06-25;CALLAO;INGRESO;VENTA DIARIA;VTA MOSTRADOR;COBRANZA MOSTRADOR;NEGOCIO;E;1364684,26;CLASIFICADO
2026-06-25;CALLAO;EGRESO;GERENCIA;PARODI1;ART. LIMPIEZA;NEGOCIO;E;-212325,46;CLASIFICADO
2026-06-25;CALLAO;EGRESO;PAGO A PROVEEDORES;PALOMA;PALOMA;NEGOCIO;E/ ECHEQ;-1416700,01;CLASIFICADO
2026-06-25;V. OBLIGADO;EGRESO;GASTOS VARIOS;MATAFUEGO2;3 CAMBIOS;NEGOCIO;E;-42000;CLASIFICADO
2026-06-25;CALLAO;EGRESO;SERVICIO TERCIARIZADO;CANTEROS;JORNAL;DEPOSITO/LOG;E;-70200;CLASIFICADO
2026-06-25;CALLAO;EGRESO;PAGO A PROVEEDORES;PAULINA;LA PAULINA;NEGOCIO;T;-4500000;CLASIFICADO
2026-06-25;CALLAO;EGRESO;PAGO A PROVEEDORES;PAULINA;LA PAULINA;NEGOCIO;T;-9300000;CLASIFICADO
2026-06-26;CALLAO;EGRESO;GERENCIA;GERENCIA1;RETIRO DE RECAUDACIÓN;NEGOCIO;E;-600000;CLASIFICADO
2026-06-26;CALLAO;EGRESO;GERENCIA;GERENCIA2;MOVIMIENTOS DE BANCO;NEGOCIO;T;-600000;CLASIFICADO
2026-06-26;CALLAO;EGRESO;IMPUESTOS;DBCR 25413;;NEGOCIO;T;-156923;CLASIFICADO
2026-06-26;CALLAO;INGRESO;VENTA DIARIA;V26;COBRANZA V26;VENTAS;T;100000;CLASIFICADO
2026-06-26;CALLAO;INGRESO;VENTA DIARIA;V28;COBRANZA V28;VENTAS;E/T;203159;CLASIFICADO
2026-06-26;CALLAO;INGRESO;VENTA DIARIA;V30;COBRANZA V30;VENTAS;E/T;1169077,56;CLASIFICADO
2026-06-26;CALLAO;INGRESO;VENTA DIARIA;R3;COBRANZA REPARTO 3;DEPOSITO/LOG;E/T;2145057,01;CLASIFICADO
2026-06-26;CALLAO;INGRESO;VENTA DIARIA;R1;COBRANZA REPARTO 1;DEPOSITO/LOG;E/T;3152814,47;CLASIFICADO
2026-06-26;CALLAO;INGRESO;VENTA DIARIA;R2;COBRANZA REPARTO 2;DEPOSITO/LOG;E/T;4906178,31;CLASIFICADO
2026-06-26;V. OBLIGADO;EGRESO;GERENCIA;GERENCIA6;RETIROS MERCADERIA ROBERTO;NEGOCIO;E;-136623,98;CLASIFICADO
2026-06-26;CALLAO;EGRESO;GERENCIA;GERENCIA8;RETIROS MERCADERIA GERARDO;NEGOCIO;E;-18031,99;CLASIFICADO
2026-06-26;CALLAO;EGRESO;PAGO A PROVEEDORES;PAULINA;LA PAULINA;NEGOCIO;E/CHEQ;-4348913,41;CLASIFICADO
2026-06-26;CALLAO;EGRESO;GASTOS VARIOS;TIO TOM;ARTICULOS DE LIBRERÍA;NEGOCIO;T;-111053,87;CLASIFICADO
2026-06-26;V. OBLIGADO;EGRESO;GASTOS VARIOS;TIO TOM2;ARTICULOS DE LIBRERÍA;NEGOCIO;T;-22699,89;CLASIFICADO
2026-06-26;CALLAO;EGRESO;MANTENIMIENTO/REPARACIONES;LIMPIEZA;SEMANA LIMPIEZA;NEGOCIO;E;-34000;CLASIFICADO
2026-06-26;V. OBLIGADO;EGRESO;MANTENIMIENTO/REPARACIONES;LIMPIEZA2;SEMANA LIMPIEZA;NEGOCIO;E;-21500;CLASIFICADO
2026-06-26;CALLAO;EGRESO;MANTENIMIENTO/REPARACIONES;LIMPIEZA;SEMANA LIMPIEZA;NEGOCIO;E;-12500;CLASIFICADO
2026-06-26;V. OBLIGADO;EGRESO;MANTENIMIENTO/REPARACIONES;LIMPIEZA2;SEMANA LIMPIEZA;NEGOCIO;E;-12500;CLASIFICADO
2026-06-26;CALLAO;EGRESO;SERVICIO TERCIARIZADO;R2 CARLOS;COMISION FLETERO CARLITOS;DEPOSITO/LOG;E;-787779,34;CLASIFICADO
2026-06-26;CALLAO;EGRESO;SERVICIO TERCIARIZADO;R1 RAMIRO;COMISION FLETERO RAMIRO;DEPOSITO/LOG;E;-410001;CLASIFICADO
2026-06-26;V. OBLIGADO;EGRESO;SERVICIO TERCIARIZADO;LUIS;SEMANA AYUDANTE LUIS;DEPOSITO/LOG;E;-105000;CLASIFICADO
2026-06-26;V. OBLIGADO;EGRESO;SERVICIO TERCIARIZADO;LAUTARO;SEMANA AYUDANTE LAUTARO;DEPOSITO/LOG;E;-105000;CLASIFICADO
2026-06-26;V. OBLIGADO;EGRESO;SERVICIO TERCIARIZADO;OCAMPO;SEMANA AYUDANTE OCAMPO;DEPOSITO/LOG;E;-70000;CLASIFICADO
2026-06-26;CALLAO;EGRESO;PAGO A PROVEEDORES;PAULINA;LA PAULINA;NEGOCIO;T;-4000000;CLASIFICADO
2026-06-26;CALLAO;EGRESO;SERVICIO TERCIARIZADO;CANTEROS;JORNAL;DEPOSITO/LOG;E;-70200;CLASIFICADO
2026-06-26;V. OBLIGADO;INGRESO;LOGISTICA;YUSPE;ECHEQ + RET;NEGOCIO;ECHEQ;89813,4;CLASIFICADO
2026-06-26;V. OBLIGADO;INGRESO;LOGISTICA;DULCOR;ECHEQ + RET;NEGOCIO;ECHEQ;243389,04;CLASIFICADO
2026-06-26;V. OBLIGADO;INGRESO;LOGISTICA;DULCOR;ECHEQ + RET;NEGOCIO;ECHEQ;325043,32;CLASIFICADO
2026-06-26;CALLAO;EGRESO;SERVICIO TERCIARIZADO;JUAN;SUELDO SEMANAL JUAN;NEGOCIO;E;-300000;CLASIFICADO
2026-06-29;CALLAO;EGRESO;GERENCIA;GERENCIA1;RETIRO DE RECAUDACIÓN;NEGOCIO;E;-400000;CLASIFICADO
2026-06-29;CALLAO;EGRESO;GERENCIA;GERENCIA2;MOVIMIENTOS DE BANCO;NEGOCIO;T;-600000;CLASIFICADO
2026-06-29;CALLAO;EGRESO;GASTOS VARIOS;BCO MACRO;MANTENIMIENTO;NEGOCIO;T;-64500;CLASIFICADO
2026-06-29;CALLAO;EGRESO;IMPUESTOS;DBCR 25413;IMPUESTOS;NEGOCIO;T;-57190,82;CLASIFICADO
2026-06-29;CALLAO;EGRESO;IMPUESTOS;DBCR IVA;IMPUESTOS;NEGOCIO;T;-15480;CLASIFICADO
2026-06-29;CALLAO;INGRESO;VENTA DIARIA;R3;VENTA DIARIA;DEPOSITO/LOG;E;4681146,52;CLASIFICADO
2026-06-29;CALLAO;INGRESO;VENTA DIARIA;V26;VENTA DIARIA;VENTAS;E/T;3613808;CLASIFICADO
2026-06-29;CALLAO;INGRESO;VENTA DIARIA;V28;VENTA DIARIA;VENTAS;T;874872,81;CLASIFICADO
2026-06-29;CALLAO;INGRESO;VENTA DIARIA;V30;VENTA DIARIA;VENTAS;E/T;2485582;CLASIFICADO
2026-06-29;CALLAO;INGRESO;VENTA DIARIA;R1;VENTA DIARIA;DEPOSITO/LOG;E/T;4351610,94;CLASIFICADO
2026-06-29;CALLAO;INGRESO;VENTA DIARIA;R2;VENTA DIARIA;DEPOSITO/LOG;E/T;2938243,57;CLASIFICADO
2026-06-29;CALLAO;EGRESO;PAGO A PROVEEDORES;PAULINA;PAGO A PROVEEDORES;NEGOCIO;E/T;-6492000;CLASIFICADO
2026-06-29;CALLAO;EGRESO;PAGO A PROVEEDORES;ILOLAY;PAGO A PROVEEDORES;NEGOCIO;E/T;-1083344,62;CLASIFICADO
2026-06-29;CALLAO;EGRESO;GERENCIA;GERENCIA1;GERENCIA;NEGOCIO;E;-1100000;CLASIFICADO
2026-06-29;CALLAO;INGRESO;VENTA DIARIA;V30;VENTA DIARIA;VENTAS;E/T/R/ECHEQ;1379989,96;CLASIFICADO
2026-06-29;CALLAO;INGRESO;VENTA DIARIA;V24;VENTA DIARIA;VENTAS;E/T;192410,78;CLASIFICADO
2026-06-29;CALLAO;INGRESO;VENTA DIARIA;V28;VENTA DIARIA;VENTAS;T;681691,55;CLASIFICADO
2026-06-29;CALLAO;EGRESO;IMPUESTOS;DBCR 25413;IMPUESTOS;NEGOCIO;T;-52908,72;CLASIFICADO
2026-06-29;CALLAO;INGRESO;VENTA DIARIA;R1;VENTA DIARIA;DEPOSITO/LOG;E/T;4922158;CLASIFICADO
2026-06-29;CALLAO;INGRESO;VENTA DIARIA;R3;VENTA DIARIA;DEPOSITO/LOG;E/T;2622640,58;CLASIFICADO
2026-06-29;CALLAO;INGRESO;VENTA DIARIA;R2;VENTA DIARIA;DEPOSITO/LOG;E/T;5668332,08;CLASIFICADO
2026-06-29;CALLAO;EGRESO;PAGO A PROVEEDORES;PAULINA;PAGO A PROVEEDORES;NEGOCIO;E;-7352100;CLASIFICADO
2026-06-29;CALLAO;EGRESO;PAGO A PROVEEDORES;ILOLAY;PAGO A PROVEEDORES;NEGOCIO;E;-5200000;CLASIFICADO
2026-06-29;CALLAO;EGRESO;IMPUESTOS;DREI;IMPUESTOS;NEGOCIO;T;-1322338,93;CLASIFICADO
2026-06-29;CALLAO;EGRESO;IMPUESTOS;IIBB;IMPUESTOS;NEGOCIO;T;-4903270,9;CLASIFICADO
2026-06-29;V. OBLIGADO;EGRESO;MANTENIMIENTO/REPARACIONES;JULIO2;MANTENIMIENTO/REPARACIONES;NEGOCIO;E;-90000;CLASIFICADO
2026-06-29;CALLAO;EGRESO;GASTOS VARIOS;PARODI2;GASTOS VARIOS;NEGOCIO;E;-82218,28;CLASIFICADO
2026-06-29;CALLAO;EGRESO;VEHICULOS SERV/REPARACIONES;POLACO1;VEHICULOS SERV/REPARACIONES;DEPOSITO/LOG;E;-680000;CLASIFICADO
2026-06-29;CALLAO;EGRESO;SERVICIO TERCIARIZADO;CANTEROS;SERVICIO TERCIARIZADO;DEPOSITO/LOG;E;-140400;CLASIFICADO
2026-06-29;V. OBLIGADO;EGRESO;VEHICULOS COMBUSTIBLE;HIPERGAS2;VEHICULOS COMBUSTIBLE;DEPOSITO/LOG;E;-35600;CLASIFICADO
2026-06-29;CALLAO;EGRESO;PAGO A PROVEEDORES;PAULINA;PAGO A PROVEEDORES;NEGOCIO;t;-7000000;CLASIFICADO
2026-06-29;CALLAO;EGRESO;IMPUESTOS;IIBB;IMPUESTOS;NEGOCIO;T;-4346823,5;CLASIFICADO
2026-06-29;V. OBLIGADO;EGRESO;SERVICIO TERCIARIZADO;ESTEBAN;SERVICIO TERCIARIZADO;DEPOSITO/LOG;E;-812112;CLASIFICADO
2026-06-29;V. OBLIGADO;EGRESO;SERVICIO TERCIARIZADO;RODOLFO;SERVICIO TERCIARIZADO;DEPOSITO/LOG;E;-815330;CLASIFICADO
2026-06-29;V. OBLIGADO;EGRESO;SERVICIO TERCIARIZADO;ESTEBAN;SERVICIO TERCIARIZADO;DEPOSITO/LOG;E;-1018988;CLASIFICADO
